loss,val_loss
0.16965317726135254,0.17084214091300964
0.019548922777175903,0.007779903709888458
0.0057860733941197395,0.0046038576401770115
0.0038617365062236786,0.0035795264411717653
0.0030331681482493877,0.002792653162032366
0.002519923262298107,0.0024762351531535387
0.0022521750070154667,0.0022060356568545103
0.0020659281872212887,0.0020149790216237307
0.0019434932619333267,0.002089099260047078
0.0018867256585508585,0.0019059828482568264
